{
  "Поля": {
    "precision": 0.3333333333333333,
    "recall": 0.13333333333333333,
    "f1-score": 0.19047619047619047,
    "support": 15.0
  },
  "Лес": {
    "precision": 0.0,
    "recall": 0.0,
    "f1-score": 0.0,
    "support": 4.0
  },
  "Пастбища": {
    "precision": 0.09090909090909091,
    "recall": 0.2,
    "f1-score": 0.125,
    "support": 5.0
  },
  "Вода": {
    "precision": 0.0,
    "recall": 0.0,
    "f1-score": 0.0,
    "support": 3.0
  },
  "Пустыня": {
    "precision": 0.20833333333333334,
    "recall": 0.45454545454545453,
    "f1-score": 0.2857142857142857,
    "support": 11.0
  },
  "Застройка": {
    "precision": 0.0,
    "recall": 0.0,
    "f1-score": 0.0,
    "support": 7.0
  },
  "accuracy": 0.17777777777777778,
  "macro avg": {
    "precision": 0.10542929292929293,
    "recall": 0.1313131313131313,
    "f1-score": 0.10019841269841269,
    "support": 45.0
  },
  "weighted avg": {
    "precision": 0.17213804713804715,
    "recall": 0.17777777777777778,
    "f1-score": 0.14722222222222223,
    "support": 45.0
  }
}